feature,coefficient
baseline_cover,0.32929287860859857
depth,0.04478853371463076
wave,0.038252952520592784
nutrient,1.6980270385881457
coral_juv,-0.13429072057298863
init_cover,0.1405154655588391
herb,0.0711859892156991
complex,0.02041159894710424
