RMSE,MAE,R2,best_alpha
17.513569910443106,13.773461730814537,0.4516066297067197,100.0
