feature,importance
baseline_cover,0.6405190537995721
init_cover,0.07116660355892254
wave,0.06780310349724648
depth,0.055816187193563835
herb,0.05344232862576417
coral_juv,0.05106706970777254
complex,0.049047528816215005
nutrient,0.011138124800943366
